hint_num,mean,std
1,0.7988809523809525,0.3027715020482466
2,0.7527380952380952,0.3127549125105245
3,0.7179285714285714,0.34238632542850833
4,0.7784761904761904,0.2960770748920327
5,0.7488333333333334,0.31968036069661115
6,0.7799285714285714,0.2825577764524521
7,0.8204047619047619,0.2585125027119883
8,0.797047619047619,0.2747146015148938
9,0.8161576354679804,0.28769156113616395
