hint_num,mean,std
1,0.7980714285714285,0.25906725408888015
2,0.7925238095238095,0.29159066988416465
3,0.7953333333333333,0.2819970265645526
4,0.7882619047619047,0.27621215251908654
5,0.8200476190476191,0.26712112797572557
6,0.7973809523809523,0.2679085399793
7,0.798452380952381,0.2739453373327353
8,0.792404761904762,0.283915140732534
9,0.8271190476190475,0.2765661156808009
